,pool,pnl,fee_wealth,IL,theo_IL,effective_tx_ratio
0,0_2_epoc.csv,-3.625521704,4.14351094,-7.769032644,-5.335404067,0.227798481
1,0_4_epoc.csv,-1.658836738,1.465084039,-3.123920777,-2.053761629,0.113259245
2,0_64_epoc.csv,-0.629563955,0.660340054,-1.28990401,-1.369188455,0.067119553
3,0_6_epoc.csv,-0.660369286,0.658928204,-1.31929749,-1.273307164,0.067326218
4,0_8_epoc.csv,-0.267920054,0.66089554,-0.928815594,-1.776211964,0.048719675
5,1_0_epoc.csv,0.16983736,0.224050916,-0.054213556,-1.175201194,0.011399924